rank,uri,artist_names,track_name,source,peak_rank,previous_rank,days_on_chart,streams
1,"spotify:track:75FEaRjZTKLhTrFGsfMUXR","Kate Bush","Running Up That Hill (A Deal With God) - 2018 Remaster","Rhino",1,1,51,"1364904"
2,"spotify:track:4k6Uh1HXdhtusDW5y8Gbvy","Steve Lacy","Bad Habit","L-M Records/RCA Records",2,2,19,"1287416"
3,"spotify:track:4Dvkj6JhhA12EX05fT7y2e","Harry Styles","As It Was","Columbia",1,3,109,"1091879"
4,"spotify:track:6Sq7ltF9Qa7SNFBsV5Cogx","Bad Bunny, Chencho Corleone","Me Porto Bonito","Rimas Entertainment LLC",3,4,73,"1037974"
5,"spotify:track:6xGruZOHLs39ZbVccQTuPZ","Joji","Glimpse of Us","88rising Music/Warner Records",1,5,38,"1009604"
6,"spotify:track:3F5CgOj3wFlRv51JsHbxhe","Drake, 21 Savage","Jimmy Cooks (feat. 21 Savage)","OVO",1,6,31,"941850"
7,"spotify:track:1IHWl5LamUGEuP4ozKQSXZ","Bad Bunny","Tití Me Preguntó","Rimas Entertainment LLC",4,7,73,"890630"
8,"spotify:track:6HMtHNpW6YPi1hrw9tgF8P","Lizzo","About Damn Time","Nice Life/Atlantic",3,8,94,"796285"
9,"spotify:track:0hquQWY3xvYqN4qtiquniF","Doja Cat","Vegas (From the Original Motion Picture Soundtrack ELVIS)","Kemosabe Records/RCA Records",7,9,73,"696773"
10,"spotify:track:0O6u0VJ46W86TxN9wgyqDj","Post Malone, Doja Cat","I Like You (A Happier Song) (with Doja Cat)","Mercury Records/Republic Records",2,10,45,"669709"
11,"spotify:track:0wHFktze2PHC5jDt3B17DC","Jack Harlow","First Class","Generation Now/Atlantic",1,11,101,"650212"
12,"spotify:track:02MWAaffLxlfxAUY7c5dvx","Glass Animals","Heat Waves","Polydor Records",1,12,601,"644247"
13,"spotify:track:1qEmFfgcLObUfQm0j1W2CK","Harry Styles","Late Night Talking","Columbia",2,13,59,"629397"
14,"spotify:track:4h9wh7iOZ0GGn8QVp4RAOB","OneRepublic","I Ain't Worried","Interscope Records",13,14,43,"616933"
15,"spotify:track:59nOXPmaKlBfGMDeOVGrIK","Future, Drake, Tems","WAIT FOR U (feat. Drake & Tems)","Epic/Freebandz",2,15,80,"612363"
16,"spotify:track:2MuWTIM3b0YEAskbeeFE1i","Metallica","Master of Puppets (Remastered)","Blackened Recordings",6,16,17,"603506"
17,"spotify:track:5Eax0qFko2dh7Rl2lYs3bx","Bad Bunny","Efecto","Rimas Entertainment LLC",15,17,73,"579675"
18,"spotify:track:4cacyP5c3PMlfnyjpg13xW","Yung Gravy","Betty (Get Money)","Republic Records",17,19,23,"555083"
19,"spotify:track:6Xom58OOXk2SoU711L2IXO","Bad Bunny","Moscow Mule","Rimas Entertainment LLC",1,18,73,"550204"
20,"spotify:track:5uU1uuyaUIBOiiUSQG7Wl3","Morgan Wallen","You Proof","Mercury Records / Republic Records",9,20,66,"532920"
21,"spotify:track:3k3NWokhRRkEPhCzPmV8TW","Bad Bunny, Bomba Estéreo","Ojitos Lindos","Rimas Entertainment LLC",10,21,73,"501696"
22,"spotify:track:4h4QlmocP3IuwYEj2j14p8","Nicky Youre, dazy","Sunroof","Thirty Knots/Columbia",22,22,95,"498571"
23,"spotify:track:4tYFy8ALRjIZvnvSLw5lxN","Bad Bunny, Rauw Alejandro","Party","Rimas Entertainment LLC",7,23,73,"473175"
24,"spotify:track:1dm6z1fWB0cErMszU25dy2","Bad Bunny","Después de la Playa","Rimas Entertainment LLC",3,24,73,"452223"
25,"spotify:track:48UKTR66uUOT9LaUvooTNx","Luke Combs","The Kind of Love We Make","River House Artists/Columbia Nashville",9,25,31,"445115"
26,"spotify:track:2LBqCSwhJGcFQeTHMVGwy3","The Weeknd","Die For You","Universal Republic Records",26,31,482,"428033"
27,"spotify:track:5PjdY0CKGZdEuoNab3yDmX","The Kid LAROI, Justin Bieber","STAY (with Justin Bieber)","Columbia",1,26,374,"420442"
28,"spotify:track:2QjOHCTQ1Jl3zawyYOpxh6","The Neighbourhood","Sweater Weather","Columbia",18,35,693,"414339"
29,"spotify:track:68Dni7IE4VyPkTOH9mRWHr","J. Cole","No Role Modelz","Roc Nation Records LLC",7,32,1677,"408698"
30,"spotify:track:3WMj8moIAXJhHsyLaqIIHI","Zach Bryan","Something in the Orange","Warner Records",14,30,87,"408222"
31,"spotify:track:0mBP9X2gPCuapvpZ7TGDk3","Charlie Puth, BTS, Jung Kook","Left and Right (Feat. Jung Kook of BTS)","Atlantic Records",8,29,24,"402046"
32,"spotify:track:37y7iDayfwm3WXn5BiAoRk","Steve Lacy","Dark Red","Three Quarter",11,40,349,"401553"
33,"spotify:track:2KukL7UlQ8TdvpaA7bY3ZJ","Beyoncé","BREAK MY SOUL","Parkwood Entertainment/Columbia",2,27,27,"393070"
34,"spotify:track:7dSZ6zGTQx66c2GF91xCrb","KAROL G","PROVENZA","UMLE - Latino",11,28,87,"390303"
35,"spotify:track:3cBsEDNhFI9E82vPj3kvi3","Morgan Wallen","Wasted On You","Big Loud / Republic",1,34,524,"384365"
36,"spotify:track:6I3mqTwhRpn34SLVafSH7G","Justin Bieber","Ghost","RBMG/Def Jam",9,38,303,"383479"
37,"spotify:track:41oY4WCTj5kccfesTVFnvN","Bad Bunny, Jhay Cortez","Tarot","Rimas Entertainment LLC",10,33,73,"381559"
38,"spotify:track:32vE1nuG8T9c8bhmZdRY6d","Post Malone, Roddy Ricch","Cooped Up (with Roddy Ricch)","Mercury Records/Republic Records",4,36,67,"376849"
39,"spotify:track:6Uj1ctrBOjOas8xZXGqKk4","Doja Cat","Woman","Kemosabe Records/RCA Records",7,39,388,"374434"
40,"spotify:track:2BcMwX1MPV6ZHP4tUT9uq6","Drake, 21 Savage, Project Pat","Knife Talk (with 21 Savage ft. Project Pat)","OVO",2,42,318,"367327"
41,"spotify:track:0T5iIrXA4p5GsubkhuBIKV","Stephen Sanchez","Until I Found You","Republic Records",35,48,68,"364003"
42,"spotify:track:1qMMYpVatbRITKCfq1gasi","Future","PUFFIN ON ZOOTIEZ","Epic/Freebandz",4,43,80,"361752"
43,"spotify:track:6foY66mWZN0pSRjZ408c00","Morgan Wallen","Whiskey Glasses","Big Loud Records",33,41,1171,"361200"
44,"spotify:track:3S68RFe1lsdCdTMPIMJM3X","Pharrell Williams, 21 Savage, Tyler, The Creator","Cash In Cash Out","Columbia",5,46,38,"359490"
45,"spotify:track:58ge6dfP91o9oXMzq3XkIS","Arctic Monkeys","505","Domino/Warner Records",13,50,529,"358334"
46,"spotify:track:4rmVZajAF7PkrCagGPHbqa","Drake","Sticky","OVO",4,44,31,"353692"
47,"spotify:track:4RvWPyQ5RL0ao9LPZeSouE","Tears For Fears","Everybody Wants To Rule The World","UMC (Universal Music Catalogue)",47,51,56,"353136"
48,"spotify:track:4686eQ81DEswHa90bcdlC9","Bailey Zimmerman","Rock and A Hard Place","Warner Music Nashville/Elektra",23,49,38,"342598"
49,"spotify:track:6JIC3hbC28JZKZ8AlAqX8h","Elton John, Dua Lipa, PNAU","Cold Heart - PNAU Remix","EMI",9,47,330,"341211"
50,"spotify:track:4ZtFanR9U6ndgddUvNcjcG","Olivia Rodrigo","good 4 u","Olivia Rodrigo PS",1,54,430,"328261"
51,"spotify:track:2FPmvXIMpjgzJQbUeJo8Iv","Steve Lacy, Fousheé","Sunshine (feat. Fousheé)","L-M Records/RCA Records",21,37,5,"328119"
52,"spotify:track:5Z9KJZvQzH6PFmb8SNkxuk","Lil Nas X, Jack Harlow","INDUSTRY BABY (feat. Jack Harlow)","Columbia",1,57,360,"327156"
53,"spotify:track:0oiv4E896TUTTeQU0cmIui","Drake","Massive","OVO",8,52,31,"323845"
54,"spotify:track:65OVbaJR5O1RmwOQx0875b","Drake, Lil Baby","Wants and Needs (feat. Lil Baby)","OVO",2,59,499,"322029"
55,"spotify:track:200x8ONbPfFzByUr3fVz46","Cole Swindell","She Had Me At Heads Carolina","Warner Music Nashville",52,56,33,"317028"
56,"spotify:track:31tf1qEai5o5f4r66Kd0pU","Childish Gambino","Me and Your Mama","Glassnote Entertainment Group LLC",56,68,81,"314136"
57,"spotify:track:0rKtyWc8bvkriBthvHKY8d","Joji","SLOW DANCING IN THE DARK","88rising Music/Warner Records",26,72,1357,"311321"
58,"spotify:track:1797zYiX4cKosMH836X9Gt","Bad Bunny, Tony Dize","La Corriente","Rimas Entertainment LLC",14,58,73,"311017"
59,"spotify:track:6uVZddXkgQIArp8myEHs4x","Steve Lacy","Mercury","L-M Records/RCA Records",27,45,7,"308225"
60,"spotify:track:13Irp51zj01BZu2XtDrnAg","Lizzo","2 Be Loved (Am I Ready)","Nice Life/Atlantic",32,55,3,"307613"
61,"spotify:track:6EbVuwU7EnKeF2hdpViXCH","Sleepy Hallow, 347aidan","Die Young (feat. 347aidan)","Winners Circle/RCA Records",28,69,54,"305834"
62,"spotify:track:5LYMamLv12UPbemOaTPyeV","Harry Styles","Music For a Sushi Restaurant","Columbia",3,64,59,"305703"
63,"spotify:track:4pi1G1x8tl9VfdD9bL3maT","Latto","Big Energy","Streamcut/RCA Records",38,60,202,"301580"
64,"spotify:track:003vvx7Niy0yvhvHt4a68B","The Killers","Mr. Brightside","Island Records",35,66,723,"299699"
65,"spotify:track:0VjIjW4GlUZAMYd2vXMi3b","The Weeknd","Blinding Lights","Republic Records",1,67,961,"296535"
66,"spotify:track:4SqWKzw0CbA05TGszDgMlc","The Walters","I Love You So","Warner Records",7,84,281,"295935"
67,"spotify:track:3DarAbFujv6eYNliUTyqtz","Doja Cat, SZA","Kiss Me More (feat. SZA)","Kemosabe Records/RCA Records",1,73,465,"295857"
68,"spotify:track:5CZ40GBx1sQ9agT82CLQCT","Olivia Rodrigo","traitor","Olivia Rodrigo PS",3,75,422,"292785"
69,"spotify:track:5CzixCxDkRXX9mScCmah8O","Bad Bunny","Un Ratito","Rimas Entertainment LLC",9,63,73,"292638"
70,"spotify:track:3XgGQ1wjo5khvq2UImjyNF","Brent Faiyaz","ALL MINE","Lost Kids LLC., Marketed by Venice / Stem",7,70,10,"291218"
71,"spotify:track:0GNVXNz7Jkicfk2mp5OyG5","Noah Kahan","Stick Season","Mercury Records/Republic Records",71,85,7,"290186"
72,"spotify:track:3uJFmluXzYedoJcvhpC1AW","Cardi B, Kanye West, Lil Durk","Hot Shit (feat. Ye & Lil Durk)","Atlantic Records",6,65,17,"288721"
73,"spotify:track:2DB4DdfCFMw1iaR6JaR03a","Camila Cabello, Ed Sheeran","Bam Bam (feat. Ed Sheeran)","Epic",15,71,136,"287902"
74,"spotify:track:0y60itmpH0aPKsFiGxmtnh","WILLOW","Wait a Minute!","Roc Nation W Smith P&D",12,83,323,"287749"
75,"spotify:track:51pshtuYkgUQnt5huMPbKL","Mac Miller","The Spins","Rostrum Records",54,76,507,"286819"
76,"spotify:track:6HU7h9RYOaPRFeh0R3UeAr","Olivia Rodrigo","deja vu","Olivia Rodrigo PS",2,87,472,"285144"
77,"spotify:track:7KA4W4McWYRpgf0fWsJZWB","Tyler, The Creator, Kali Uchis","See You Again (feat. Kali Uchis)","Columbia",24,94,407,"283399"
78,"spotify:track:7mFj0LlWtEJaEigguaWqYh","Megan Thee Stallion, Dua Lipa","Sweetest Pie","300 Entertainment",2,82,129,"282981"
79,"spotify:track:0RiRZpuVRbi7oqRdSMwhQY","Post Malone, Swae Lee","Sunflower - Spider-Man: Into the Spider-Verse","Republic Records",1,78,1367,"280360"
80,"spotify:track:3QFInJAm9eyaho5vBzxInN","Baby Keem, Kendrick Lamar","family ties (with Kendrick Lamar)","Columbia",3,100,325,"279693"
81,"spotify:track:2HbKqm4o0w5wEeEFXm2sD4","Kendrick Lamar, Jay Rock","Money Trees","Aftermath",38,92,559,"278848"
82,"spotify:track:5nujrmhLynf4yMoMtj8AQF","Dua Lipa, DaBaby","Levitating (feat. DaBaby)","Warner Records",3,74,650,"278097"
83,"spotify:track:0fX4oNGBWO3dSGUZcVdVV2","Kendrick Lamar","N95","pgLang/Top Dawg Entertainment/Aftermath/Interscope Records",1,80,66,"277913"
84,"spotify:track:3CIyK1V4JEJkg02E4EJnDl","Imagine Dragons, JID, Arcane, League of Legends","Enemy (with JID) - from the series Arcane League of Legends","Kid Ina Korner / Interscope",5,93,259,"276620"
85,"spotify:track:4RVwu0g32PAqgUiJoXsdF8","Billie Eilish","Happier Than Ever","Darkroom/Interscope Records",3,99,353,"275035"
86,"spotify:track:3Vi5XqYrmQgOYBajMWSvCi","Doja Cat","Need to Know","Kemosabe Records/RCA Records",3,91,402,"274710"
87,"spotify:track:5gDWsRxpJ2lZAffh5p7K0w","The Weeknd, Lana Del Rey","Stargirl Interlude","Universal Republic Records",87,113,20,"274102"
88,"spotify:track:4EWCNWgDS8707fNSZ1oaA5","Kanye West","Heartless","Roc-A-Fella",45,96,277,"273924"
89,"spotify:track:1Y5Jvi3eLi4Chwqch9GMem","Kodak Black","Super Gremlin","Atlantic Records",2,90,231,"273872"
90,"spotify:track:0e8nrvls4Qqv5Rfa2UhqmO","Lil Nas X","THATS WHAT I WANT","Columbia",2,88,303,"272707"
91,"spotify:track:5gVCfYmQRPy1QJifP8f5gg","Bailey Zimmerman","Fall In Love","Warner Music Nashville/Elektra",64,86,39,"271815"
92,"spotify:track:31i56LZnwE6uSu3exoHjtB","Bad Bunny","Neverita","Rimas Entertainment LLC",13,81,73,"270925"
93,"spotify:track:7qTaDOcld0VmBWXnkbUj45","Lil Durk, Morgan Wallen","Broadway Girls (feat. Morgan Wallen)","Alamo",4,77,213,"270698"
94,"spotify:track:50nfwKoDiSYg8zOCREWAm5","Ed Sheeran","Shivers","Atlantic Records UK",6,79,311,"269926"
95,"spotify:track:59CfNbkERJ3NoTXDvoURjj","Dove Cameron","Boyfriend","Disruptor Records/Columbia",10,101,157,"269811"
96,"spotify:track:0uxSUdBrJy9Un0EYoBowng","Lil Uzi Vert","20 Min","Generation Now/Atlantic",45,116,865,"268751"
97,"spotify:track:3fqwjXwUGN6vbzIwvyFMhx","Chris Stapleton","Tennessee Whiskey","Mercury Nashville",56,97,439,"268407"
98,"spotify:track:5lfWrciYtohtIMVDVZd0Rf","Calvin Harris, Justin Timberlake, Halsey, Pharrell Williams","Stay With Me (with Justin Timberlake, Halsey, & Pharrell)","Columbia",24,53,3,"268108"
99,"spotify:track:1R0a2iXumgCiFb7HEZ7gUE","Taylor Swift","Don’t Blame Me","Big Machine Records, LLC",74,112,55,"266653"
100,"spotify:track:6uvh0In7u1Xn4HgxOfAn8O","Harry Styles","Matilda","Columbia",3,110,59,"266162"
101,"spotify:track:0DmkBOGgEWMbUJlL6VwwF2","Steve Lacy","Helmet","L-M Records/RCA Records",29,62,3,"264404"
102,"spotify:track:0ofHAoxe9vBkTCp2UQIavz","Fleetwood Mac","Dreams - 2004 Remaster","Rhino/Warner Records",6,102,672,"264020"
103,"spotify:track:4OmfWzukSVD140NiAIEjem","Steve Lacy","Static","L-M Records/RCA Records",25,61,3,"261968"
104,"spotify:track:7fBv7CLKzipRk6EC6TWHOB","The Weeknd","The Hills","Universal Republic Records",7,106,516,"261048"
105,"spotify:track:2g6tReTlM2Akp41g0HaeXN","Kendrick Lamar, Blxst, Amanda Reifer","Die Hard","pgLang/Top Dawg Entertainment/Aftermath/Interscope Records",2,105,66,"260417"
106,"spotify:track:3WBRfkOozHEsG0hbrBzwlm","Porter Robinson, League of Legends","Everything Goes On","Riot Games",52,89,3,"257367"
107,"spotify:track:51Zw1cKDgkad0CXv23HCMU","Harry Styles","Daylight","Columbia",5,107,59,"255907"
108,"spotify:track:1BkY0N8ChFk2mdLbAUu8ZK","Musical Youth","Pass The Dutchie","Geffen",41,119,47,"255541"
109,"spotify:track:5kVZxyMY1gfdCLiChsfjn1","Bad Bunny","Yo No Soy Celoso","Rimas Entertainment LLC",12,95,73,"255490"
110,"spotify:track:68EkhVWIeULhHxcbi1QhzK","AJR","World's Smallest Violin","S-Curve Records",110,143,19,"255427"
111,"spotify:track:21jGcNKet2qwijlDFuPiPb","Post Malone","Circles","Republic Records",1,108,1050,"255319"
112,"spotify:track:6NHpyYvJyQsg2nXXzGYc2R","Morgan Wallen","Thought You Should Know","Big Loud Records / Republic Records",14,109,73,"253868"
113,"spotify:track:6UelLqGlWMcVH1E5c4H7lY","Harry Styles","Watermelon Sugar","Columbia",3,104,907,"253787"
114,"spotify:track:0QNNd0qMCDbraS1nQPg3aA","Quavo, Takeoff","HOTEL LOBBY (Unc & Phew)","Quality Control Music/Motown Records",57,98,59,"253594"
115,"spotify:track:4tqcoej1zPvwePZCzuAjJd","J. Cole","Wet Dreamz","Roc Nation Records LLC",75,121,266,"253436"
116,"spotify:track:3GZD6HmiNUhxXYf8Gch723","Frank Ocean","Lost","Red Zone Entertainment / IDJ",10,123,189,"253400"
117,"spotify:track:2tTmW7RDtMQtBk7m2rYeSw","Bizarrap, Quevedo","Quevedo: Bzrp Music Sessions, Vol. 52","DALE PLAY Records",117,130,2,"252571"
118,"spotify:track:3sNVsP50132BTNlImLx70i","Kanye West","Bound 2","Rock The World/IDJ/Kanye/LP6",73,129,199,"252331"
119,"spotify:track:0uRrG2jRR5tuifsYIJHEao","Morgan Wallen","Sand In My Boots","Big Loud / Republic",4,111,372,"251269"
120,"spotify:track:5OELUCYgOHKFAvCERnAvfS","Morgan Wallen","More Than My Hometown","Big Loud / Republic",18,114,599,"250745"
121,"spotify:track:4k3lPl8YTKuY8c1HelVnm3","Cody Johnson","'Til You Can't","CoJo Music/Warner Music Nashville",61,115,157,"250734"
122,"spotify:track:2vWBUC9djv6BtiGlmKiQaH","Yot Club","YKWIM?","yot club under exclusive license to Amuseio AB",58,154,391,"246813"
123,"spotify:track:5XFoaqV1Z8XaLJidchVWhh","Kid Cudi","love.","Universal Records",17,103,10,"246668"
124,"spotify:track:7MXVkk9YMctZqd1Srtv4MB","The Weeknd, Daft Punk","Starboy","Universal Republic Records",3,128,525,"244944"
125,"spotify:track:3E7dfMvvCLUddWissuqMwr","Miley Cyrus","Party In The U.S.A.","Hollywood Records",15,117,75,"244696"
126,"spotify:track:2eAvDnpXP5W0cVtiI0PUxV","Ruth B.","Dandelions","Columbia",66,137,197,"244298"
127,"spotify:track:3AVrVz5rK8Hrqo9YGiVGN5","Cigarettes After Sex","Apocalypse","PTKF",126,151,11,"244162"
128,"spotify:track:4kTLpAbhuEGHAAdDjOIWaa","Kid Cudi, MGMT, Ratatat","Pursuit Of Happiness (Nightmare)","Kid Cudi/Universal Records",47,132,311,"243425"
129,"spotify:track:285pBltuF7vW8TeWk8hdRR","Juice WRLD","Lucid Dreams","Juice WRLD Mixtape / ISR P&D",1,140,1532,"243002"
130,"spotify:track:69AIpwGNLxr4qS1X5ynx60","Jordan Davis, Luke Bryan","Buy Dirt","MCA Nashville",58,126,334,"242436"
131,"spotify:track:0De9jFjJ4eRLl7Yww2eBw1","ERNEST, Morgan Wallen","Flower Shops (feat. Morgan Wallen)","Big Loud Records",34,125,161,"242341"
132,"spotify:track:58HvfVOeJY7lUuCqF0m3ly","Elley Duhé","MIDDLE OF THE NIGHT","Not Fit For Society/RCA Records",32,133,149,"241365"
133,"spotify:track:7H0ya83CMmgFcOhw0UB6ow","Beach House","Space Song","Sub Pop Records",55,162,394,"238781"
134,"spotify:track:1BxfuPKGuaTgP7aM0Bbdwr","Taylor Swift","Cruel Summer","Taylor Swift",3,141,73,"238772"
135,"spotify:track:0rzaRSujxA0bKyjJl6vHYq","Harry Styles","Satellite","Columbia",8,142,59,"236968"
136,"spotify:track:09mEdoA6zrmBPgTEN5qXmN","The Weeknd","Call Out My Name","Universal Republic Records",1,156,327,"236926"
137,"spotify:track:6f5ExP43esnvdKPddwKXJH","NEIKED, Mae Muller, Polo G","Better Days (NEIKED x Mae Muller x Polo G)","Capitol",6,135,275,"235617"
138,"spotify:track:4bHsxqR3GMrXTxEPLuK5ue","Journey","Don't Stop Believin'","Columbia",82,122,357,"235611"
139,"spotify:track:71wFwRo8xGc4lrcyKwsvba","Bad Bunny, Tainy","Callaita","Rimas Entertainment LLC",32,127,328,"235422"
140,"spotify:track:7FlQk2gJ6TBrHHiidvdR2O","Becky G, KAROL G","MAMIII","Kemosabe Records/RCA Records",9,120,157,"235252"
141,"spotify:track:5TRPicyLGbAF2LGBFbHGvO","Kanye West, Dwele","Flashing Lights","Roc-A-Fella",95,148,180,"234720"
142,"spotify:track:5wANPM4fQCJwkGd4rN57mH","Olivia Rodrigo","drivers license","Olivia Rodrigo PS",1,147,555,"234197"
143,"spotify:track:5QO79kh1waicV47BqGRL3g","The Weeknd","Save Your Tears","Republic Records",2,144,580,"233375"
144,"spotify:track:5UGAXwbA17bUC0K9uquGY2","$uicideboy$","Antarctica","G59 Records",127,138,12,"233227"
145,"spotify:track:0LQtEJt7x0s6knb6RKdRYc","Zac Brown Band","Chicken Fried","Home Grown Music",14,134,135,"232201"
146,"spotify:track:5TXDeTFVRVY7Cvt0Dw4vWW","XXXTENTACION","Revenge","Bad Vibes Forever / EMPIRE",16,167,250,"231740"
147,"spotify:track:01Lr5YepbgjXAWR9iOEyH1","Chief Keef","Love Sosa","UMGRI Interscope",41,157,209,"231728"
148,"spotify:track:0fv2KH6hac06J86hBUTcSf","Tyler, The Creator","NEW MAGIC WAND","Columbia",5,160,228,"231322"
149,"spotify:track:0zCgWGmDF0aih5qexATyBn","Mr.Kitty","After Dark","Negative Gain Productions",140,165,37,"231174"
150,"spotify:track:7EkWXAI1wn8Ii883ecd9xr","Surf Curse","Freaks","Surf Curse",29,175,452,"231070"
151,"spotify:track:0wXuerDYiBnERgIpbb3JBR","Childish Gambino","Redbone","Glassnote Entertainment Group LLC",8,172,902,"227777"
152,"spotify:track:6AqwH2Y9FJwhUE2dCSkw1u","Tyler Hubbard","5 Foot 9","EMI Nashville",83,136,48,"227450"
153,"spotify:track:5UXJzLFdBn6u9FJTCnoHrH","Conan Gray","Memories","Republic Records",53,174,14,"227396"
154,"spotify:track:4XvcHTUfIlWfyJTRG0aqlo","Sleepy Hallow","2055","Winners Circle/RCA Records",7,183,390,"227033"
155,"spotify:track:5MwynWK9s4hlyKHqhkNn4A","Morgan Wallen","Chasin' You","Big Loud Records",47,153,556,"225825"
156,"spotify:track:78QR3Wp35dqAhFEc2qAGjE","Lil Baby, Gunna","Drip Too Hard (Lil Baby & Gunna)","Quality Control Music/Young Stoner Life Records, a 300 Entertainment Label/Motown Records/Capitol Records",1,171,1321,"225694"
157,"spotify:track:18vXApRmJSgQ6wG2ll9AOg","Polo G","RAPSTAR","Columbia",1,170,464,"225169"
158,"spotify:track:0mKnuxVkPi5h0kuvZl44VM","Morgan Wallen","Cover Me Up","Big Loud / Republic",23,155,358,"224837"
159,"spotify:track:1mMLMZYXkMueg65jRRWG1l","Luke Combs","When It Rains It Pours","River House Artists/Columbia Nashville",84,150,545,"224290"
160,"spotify:track:29TPjc8wxfz4XMn21O7VsZ","Playboi Carti","Sky","AWGE/Interscope Records",25,182,292,"222249"
161,"spotify:track:1f5cbQtDrykjarZVrShaDI","A Boogie Wit da Hoodie, Kodak Black","Drowning (feat. Kodak Black)","Highbridge The Label",18,180,578,"221800"
162,"spotify:track:0E0DRHf5PfMeor0ZCwB3oT","Bad Bunny, The Marías","Otro Atardecer","Rimas Entertainment LLC",22,152,73,"221766"
163,"spotify:track:00imgaPlYRrMGn9o83hfmk","Brent Faiyaz","LOOSE CHANGE","Lost Kids LLC., Marketed by Venice / Stem",6,139,10,"221017"
164,"spotify:track:0gucTLf7trAf37Ua1uAyAu","Nirvana","Smells Like Teen Spirit","Geffen",86,159,294,"220046"
165,"spotify:track:4obHzpwGrjoTuZh2DItEMZ","Morgan Wallen","7 Summers","Big Loud / Republic",3,163,361,"219989"
166,"spotify:track:4Li2WHPkuyCdtmokzW2007","JAY-Z, Kanye West","Ni**as In Paris","Roc Nation/RocAFella/IDJ",97,164,220,"219809"
167,"spotify:track:44XjoNvtwevktFKjvVe1vH","Bad Bunny, Buscabulla","Andrea","Rimas Entertainment LLC",25,149,73,"219556"
168,"spotify:track:2B4GHvToeLTOBB4QLzW3Ni","Farruko","Pepas","Sony Music Latin",16,161,329,"217813"
169,"spotify:track:58UKC45GPNTflCN6nwCUeF","Walker Hayes","Fancy Like","Monument Records",20,145,295,"217589"
170,"spotify:track:5mCPDVBb16L4XQwDdbRUpz","Drake","Passionfruit","Cash Money Records/Young Money Ent./Universal Rec.",1,186,608,"217055"
171,"spotify:track:4VXIryQMWpIdGgYR4TrjT1","Juice WRLD","All Girls Are The Same","Juice WRLD Mixtape / ISR P&D",5,197,1537,"216676"
172,"spotify:track:10xV5l9nhLvFpR8mqzs0bL","Marshmello, Khalid","Numb","Joytime Collective/RCA Records",57,158,30,"216619"
173,"spotify:track:6vN77lE9LK6HP2DewaN6HZ","Lil Baby, Drake","Yes Indeed","Quality Control Music, LLC",2,176,827,"216577"
174,"spotify:track:3zakx7RAwdkUQlOoQ7SJRt","Brent Faiyaz, DJ Dahi, Tyler, The Creator","GRAVITY (FEAT. TYLER, THE CREATOR)","Lost Kids LLC., Marketed by Venice / Stem",13,169,59,"215720"
175,"spotify:track:0fea68AdmYNygeTGI4RC18","J Balvin, Bad Bunny","LA CANCIÓN","Universal Music Latino / Rimas",30,166,306,"215694"
176,"spotify:track:3hRV0jL3vUpRrcy398teAU","Lord Huron","The Night We Met","IAMSOUND",43,-1,296,"215632"
177,"spotify:track:32FhTAAjKZaBein150o3Px","Sabrina Carpenter","because i liked a boy","Island Records",177,-1,1,"215008"
178,"spotify:track:2tznHmp70DxMyr2XhWLOW0","Cage The Elephant","Cigarette Daydreams","RCA Records Label",108,-1,378,"214713"
179,"spotify:track:7yq4Qj7cqayVTp3FF9CWbm","Vance Joy","Riptide","Atlantic Records",114,200,92,"214496"
180,"spotify:track:1JIgFmCP5OCTEGV866WP3b","Yeat","Rich Minion","Back Lot Music",22,198,19,"214094"
181,"spotify:track:7BbaIYAdi3pg4MGl6PHwPv","Yeat","Monëy so big","TwizzyRich",25,-1,175,"213230"
182,"spotify:track:4MzXwWMhyBbmu6hOcLVD49","Bad Bunny, Jhay Cortez","DÁKITI","Rimas Entertainment LLC",1,173,562,"213219"
183,"spotify:track:2QWEMqQMJR1KDf6hDjJOs6","j-hope","Arson","BIGHIT MUSIC",54,124,3,"212719"
184,"spotify:track:6Qyc6fS4DsZjB2mRW9DsQs","The Goo Goo Dolls","Iris","Warner Records",103,-1,64,"212317"
185,"spotify:track:1iV2uSjP8BfHTXVLblBOxI","Lizzo","Grrrls","Nice Life/Atlantic",103,146,4,"212273"
186,"spotify:track:1cKHdTo9u0ZymJdPGSh6nq","The Weeknd, Gesaffelstein","I Was Never There","Universal Republic Records",5,-1,29,"212193"
187,"spotify:track:6K4t31amVTZDgR3sKmwUJJ","Tame Impala","The Less I Know The Better","Universal Music Australia Pty. Ltd.",103,-1,859,"211614"
188,"spotify:track:4KW1lqgSr8TKrvBII0Brf8","Kanye West","Father Stretch My Hands Pt. 1","Rock The World/IDJ/Kanye LP7",103,-1,202,"210654"
189,"spotify:track:0W6I02J9xcqK8MtSeosEXb","Doja Cat","Get Into It (Yuh)","Kemosabe Records/RCA Records",16,187,384,"210361"
190,"spotify:track:6VrQTLzzuyGIYjUDe4kAZk","Bad Bunny","Un Coco","Rimas Entertainment LLC",28,168,73,"209997"
191,"spotify:track:1TUuhV75FeOF6UObRsABo2","Morgan Wallen","Don't Think Jesus","Big Loud Records / Republic Records",3,178,77,"209916"
192,"spotify:track:1oc92BMKYkNxK17C2GtyRM","Polo G","Distraction","Columbia",31,188,39,"209371"
193,"spotify:track:1r8ZCjfrQxoy2wVaBUbpwg","The Kid LAROI","Thousand Miles","Columbia",3,191,86,"209088"
194,"spotify:track:3xdjjKMcMOFgo1eQrfbogM","Darius Rucker","Wagon Wheel","Capitol Records Nashville",67,181,46,"208611"
195,"spotify:track:6Tm4Io4ct4w14nB1EUzsY3","Nate Smith","Whiskey On You","Arista Nashville",72,177,51,"208269"
196,"spotify:track:52xJxFP6TqMuO4Yt0eOkMz","Carolina Gaitán - La Gaita, Mauro Castillo, Adassa, Rhenzy Feliz, Diane Guerrero, Stephanie Beatriz, Encanto - Cast","We Don't Talk About Bruno","Walt Disney Records",1,192,197,"207811"
197,"spotify:track:1nltpRhEiXikwDlVn4UADk","Post Malone, The Weeknd","One Right Now (with The Weeknd)","Mercury Records/Republic Records",1,190,254,"205789"
198,"spotify:track:3AVXwaOGCEL8cmBecfcsFJ","Charlie Puth","Light Switch","Atlantic Records",6,196,176,"205632"
199,"spotify:track:30QR0ndUdiiMQMA9g1PGCm","$uicideboy$","...And to Those I Love, Thanks for Sticking Around","G59 Records",35,-1,311,"205105"
200,"spotify:track:7o2CTH4ctstm8TNelqjb51","Guns N' Roses","Sweet Child O' Mine","Geffen",156,194,8,"204980"
